datetime,open,high,low,close,volume
2026-05-24 16:45:00+00:00,76481.9,76577.8,76481.9,76565.6,8877.09
2026-05-24 16:50:00+00:00,76565.6,76628.0,76543.6,76600.8,13046.75
2026-05-24 16:55:00+00:00,76600.9,76677.3,76581.0,76644.6,9400.53
2026-05-24 17:00:00+00:00,76644.7,76708.0,76620.8,76665.9,13173.21
2026-05-24 17:05:00+00:00,76666.0,76706.6,76665.6,76681.7,7455.63
2026-05-24 17:10:00+00:00,76681.7,76681.7,76559.4,76600.0,33144.94
2026-05-24 17:15:00+00:00,76599.9,76632.0,76541.5,76541.5,11007.07
2026-05-24 17:20:00+00:00,76541.6,76616.7,76513.6,76616.7,13996.79
2026-05-24 17:25:00+00:00,76616.6,76616.7,76582.4,76588.8,4998.68
2026-05-24 17:30:00+00:00,76588.7,76630.0,76560.2,76598.5,5325.97
2026-05-24 17:35:00+00:00,76598.5,76685.1,76592.7,76685.0,4866.15
2026-05-24 17:40:00+00:00,76685.0,76688.0,76654.2,76665.3,4814.39
2026-05-24 17:45:00+00:00,76665.2,76717.9,76649.7,76699.1,13282.19
2026-05-24 17:50:00+00:00,76699.2,76784.4,76658.7,76684.6,22894.84
2026-05-24 17:55:00+00:00,76684.5,76688.8,76656.4,76657.1,5219.99
2026-05-24 18:00:00+00:00,76657.0,76681.0,76632.0,76632.0,7793.45
2026-05-24 18:05:00+00:00,76632.0,76659.0,76600.0,76651.5,7449.38
2026-05-24 18:10:00+00:00,76651.4,76741.1,76650.1,76709.1,8910.08
2026-05-24 18:15:00+00:00,76709.1,76756.0,76691.7,76721.5,7621.71
2026-05-24 18:20:00+00:00,76721.5,76729.7,76652.6,76680.8,5794.54
2026-05-24 18:25:00+00:00,76680.8,76682.9,76639.4,76650.0,8095.13
2026-05-24 18:30:00+00:00,76650.1,76650.1,76570.0,76606.6,11883.53
2026-05-24 18:35:00+00:00,76606.6,76680.0,76606.6,76680.0,3688.83
2026-05-24 18:40:00+00:00,76680.0,76680.0,76600.0,76612.5,3425.98
2026-05-24 18:45:00+00:00,76612.4,76645.9,76555.8,76584.0,3729.42
2026-05-24 18:50:00+00:00,76584.1,76630.9,76561.9,76630.9,3332.0
2026-05-24 18:55:00+00:00,76630.8,76652.7,76625.4,76629.6,2681.93
2026-05-24 19:00:00+00:00,76629.7,76718.0,76620.0,76635.5,8220.17
2026-05-24 19:05:00+00:00,76635.5,76675.0,76635.5,76656.9,1976.18
2026-05-24 19:10:00+00:00,76656.9,76670.1,76600.9,76600.9,2878.37
2026-05-24 19:15:00+00:00,76601.0,76717.3,76575.4,76670.2,17744.02
2026-05-24 19:20:00+00:00,76670.2,76674.4,76650.0,76665.6,5050.59
2026-05-24 19:25:00+00:00,76665.5,76665.6,76603.4,76628.1,4354.57
2026-05-24 19:30:00+00:00,76628.1,76634.4,76611.7,76621.1,4676.32
2026-05-24 19:35:00+00:00,76621.0,76650.6,76621.0,76648.5,15605.58
2026-05-24 19:40:00+00:00,76648.5,76704.2,76648.4,76676.5,2792.1
2026-05-24 19:45:00+00:00,76676.6,76733.3,76672.6,76720.5,2545.58
2026-05-24 19:50:00+00:00,76720.5,76735.1,76711.4,76735.0,3155.46
2026-05-24 19:55:00+00:00,76735.1,76756.3,76718.6,76738.0,3157.91
2026-05-24 20:00:00+00:00,76737.9,76764.1,76642.4,76670.0,11817.77
2026-05-24 20:05:00+00:00,76670.0,76701.7,76620.0,76660.0,7070.29
2026-05-24 20:10:00+00:00,76660.0,76688.6,76650.0,76650.0,4130.92
2026-05-24 20:15:00+00:00,76650.0,76683.5,76617.1,76639.4,8012.1
2026-05-24 20:20:00+00:00,76639.3,76676.8,76588.9,76630.1,5746.13
2026-05-24 20:25:00+00:00,76630.0,76649.9,76566.6,76649.9,3724.69
2026-05-24 20:30:00+00:00,76650.0,76680.9,76610.5,76624.1,10030.42
2026-05-24 20:35:00+00:00,76624.1,76694.0,76614.4,76635.1,9965.96
2026-05-24 20:40:00+00:00,76635.1,76677.0,76632.6,76651.1,2829.85
2026-05-24 20:45:00+00:00,76651.1,76689.0,76623.6,76661.1,4398.41
2026-05-24 20:50:00+00:00,76661.2,76661.2,76604.0,76617.0,3407.56
2026-05-24 20:55:00+00:00,76617.0,76629.2,76582.1,76629.2,4913.65
2026-05-24 21:00:00+00:00,76629.2,76716.3,76609.7,76679.1,11359.78
2026-05-24 21:05:00+00:00,76679.0,76685.5,76641.4,76666.8,2793.37
2026-05-24 21:10:00+00:00,76666.8,76681.5,76638.6,76681.5,7889.2
2026-05-24 21:15:00+00:00,76681.5,76687.5,76653.4,76687.5,1724.52
2026-05-24 21:20:00+00:00,76687.5,76687.5,76659.2,76662.5,3169.07
2026-05-24 21:25:00+00:00,76662.5,76662.5,76433.3,76495.2,20883.11
2026-05-24 21:30:00+00:00,76495.1,76548.7,76306.8,76377.1,57072.35
2026-05-24 21:35:00+00:00,76377.2,76379.8,76078.3,76188.1,156982.82
2026-05-24 21:40:00+00:00,76188.0,76314.2,76078.3,76105.6,26338.76
2026-05-24 21:45:00+00:00,76105.6,76200.6,76050.2,76125.5,46745.41
2026-05-24 21:50:00+00:00,76125.4,76224.0,76125.4,76188.1,28672.5
2026-05-24 21:55:00+00:00,76188.1,76240.5,76075.0,76111.5,24056.86
2026-05-24 22:00:00+00:00,76111.5,76653.0,76090.0,76564.9,126505.1
2026-05-24 22:05:00+00:00,76564.9,76888.0,76540.0,76860.8,53305.3
2026-05-24 22:10:00+00:00,76860.7,76986.2,76769.9,76946.0,78688.49
2026-05-24 22:15:00+00:00,76946.1,76946.1,76775.4,76817.0,42991.1
2026-05-24 22:20:00+00:00,76817.0,76920.0,76788.0,76879.6,18496.88
2026-05-24 22:25:00+00:00,76879.5,76891.8,76800.0,76802.1,9140.05
2026-05-24 22:30:00+00:00,76802.0,76925.1,76802.0,76820.0,12847.18
2026-05-24 22:35:00+00:00,76819.9,76826.8,76649.8,76736.3,35777.07
2026-05-24 22:40:00+00:00,76736.2,76750.0,76619.0,76750.0,16467.14
2026-05-24 22:45:00+00:00,76749.9,76964.7,76749.9,76826.8,18507.37
2026-05-24 22:50:00+00:00,76826.8,76889.6,76755.2,76764.9,27556.95
2026-05-24 22:55:00+00:00,76764.9,76822.4,76736.9,76759.6,14720.49
2026-05-24 23:00:00+00:00,76759.6,76917.6,76759.2,76863.5,18028.33
2026-05-24 23:05:00+00:00,76863.5,76896.1,76811.1,76891.7,10312.96
2026-05-24 23:10:00+00:00,76891.8,76930.0,76865.4,76918.0,11043.03
2026-05-24 23:15:00+00:00,76918.0,76981.8,76847.6,76883.4,16569.74
2026-05-24 23:20:00+00:00,76883.5,76918.6,76842.6,76843.8,6447.5
2026-05-24 23:25:00+00:00,76843.8,76850.2,76750.0,76816.9,20410.56
2026-05-24 23:30:00+00:00,76816.9,76950.0,76807.7,76917.1,29365.29
2026-05-24 23:35:00+00:00,76917.1,77125.0,76911.6,77060.4,45772.15
2026-05-24 23:40:00+00:00,77060.4,77198.0,76962.1,77166.4,91582.51
2026-05-24 23:45:00+00:00,77166.3,77166.3,77076.4,77125.7,21641.14
2026-05-24 23:50:00+00:00,77125.7,77164.6,77060.1,77083.1,17827.26
2026-05-24 23:55:00+00:00,77083.1,77083.2,77012.9,77029.9,10631.56
2026-05-25 00:00:00+00:00,77030.0,77165.9,77029.9,77100.0,42458.91
2026-05-25 00:05:00+00:00,77100.0,77174.8,77088.4,77146.3,12681.54
2026-05-25 00:10:00+00:00,77146.2,77170.0,77110.0,77154.1,24581.97
2026-05-25 00:15:00+00:00,77154.1,77189.0,77102.2,77134.4,13078.25
2026-05-25 00:20:00+00:00,77134.5,77217.9,77086.6,77199.9,24013.54
2026-05-25 00:25:00+00:00,77199.9,77231.3,77119.9,77182.5,13067.65
2026-05-25 00:30:00+00:00,77182.5,77239.6,77108.1,77134.5,15955.22
2026-05-25 00:35:00+00:00,77134.6,77190.0,77120.8,77167.2,15198.34
2026-05-25 00:40:00+00:00,77167.1,77170.0,77084.0,77084.0,8600.4
2026-05-25 00:45:00+00:00,77084.0,77280.2,77055.0,77195.0,24999.36
2026-05-25 00:50:00+00:00,77194.9,77200.0,77115.0,77153.6,9978.67
2026-05-25 00:55:00+00:00,77153.7,77153.7,77077.8,77124.9,8171.85
2026-05-25 01:00:00+00:00,77124.9,77164.8,76930.1,77082.8,68774.65
